{"cameraMode":{"drawMode":0,"name":"Shaded","section":"Shading Mode"},"sceneLighting":true,"audioPlay":false,"sceneViewState":{"m_AlwaysRefresh":false,"showFog":true,"showSkybox":true,"showFlares":true,"showImageEffects":true,"showParticleSystems":true,"showVisualEffectGraphs":true,"m_FxEnabled":true},"in2DMode":false,"pivot":{"x":-6.2563605308532719,"y":15.321102142333985,"z":12.909761428833008},"rotation":{"x":-0.019808858633041383,"y":-0.002401800360530615,"z":0.000047685174649814144,"w":-0.9998008012771606},"size":175.9246826171875,"orthographic":false}